{
  "num_samples": 20,
  "generation_date": "2025-09-06T10:09:26.340040",
  "noise_added": true,
  "samples": [
    {
      "image_file": "form_0000.png",
      "ground_truth_file": "form_0000.gt.txt",
      "form_data": {
        "employee_name": "Susan H. Thomas",
        "employer_name": "Medical Center Inc.",
        "date_of_birth": "05/03/1963",
        "social_security_number": "***-**-4567",
        "policy_number": "252900",
        "physician_name": "Dr. Robert Davis",
        "address": "147 Birch Way",
        "city": "Dallas",
        "state": "IL",
        "zip_code": "32102",
        "phone": "(865) 173-7908",
        "gender": "M",
        "claim_date": "02/15/1973",
        "incident_date": "10/09/1995"
      }
    },
    {
      "image_file": "form_0001.png",
      "ground_truth_file": "form_0001.gt.txt",
      "form_data": {
        "employee_name": "Patricia Miller",
        "employer_name": "Technology Systems Corp.",
        "date_of_birth": "07/25/1956",
        "social_security_number": "XXX-XX-6539",
        "policy_number": "342994",
        "physician_name": "Dr. Daniel Thomas",
        "address": "789 Pine Road",
        "city": "Franklin",
        "state": "NY",
        "zip_code": "54861",
        "phone": "(381) 132-5795",
        "gender": "F",
        "claim_date": "10/07/1991",
        "incident_date": "12/19/1952"
      }
    },
    {
      "image_file": "form_0002.png",
      "ground_truth_file": "form_0002.gt.txt",
      "form_data": {
        "employee_name": "Daniel N. Martin",
        "employer_name": "Professional Services LLC",
        "date_of_birth": "02/01/1998",
        "social_security_number": "***-**-3277",
        "policy_number": "348806624test",
        "physician_name": "Dr. Jennifer Wilson",
        "address": "123 Main Street",
        "city": "Washington",
        "state": "NY",
        "zip_code": "38902",
        "phone": "(246) 999-3462",
        "gender": "F",
        "claim_date": "09/10/1981",
        "incident_date": "01/03/1966"
      }
    },
    {
      "image_file": "form_0003.png",
      "ground_truth_file": "form_0003.gt.txt",
      "form_data": {
        "employee_name": "David D. Thomas",
        "employer_name": "Technology Systems Corp.",
        "date_of_birth": "09/13/2000",
        "social_security_number": "XXX-XX-4427",
        "policy_number": "7245860845",
        "physician_name": "Dr. Jessica Miller",
        "address": "456 Oak Avenue",
        "city": "Springfield",
        "state": "CO",
        "zip_code": "18783",
        "phone": "(662) 367-2993",
        "gender": "F",
        "claim_date": "07/11/1965",
        "incident_date": "03/16/1953"
      }
    },
    {
      "image_file": "form_0004.png",
      "ground_truth_file": "form_0004.gt.txt",
      "form_data": {
        "employee_name": "Donald F. Wilson",
        "employer_name": "Advanced Manufacturing Co.",
        "date_of_birth": "03/09/1968",
        "social_security_number": "XXX-XX-1251",
        "policy_number": "POL101221",
        "physician_name": "Dr. David Garcia",
        "address": "369 Spruce Boulevard",
        "city": "Washington",
        "state": "SC",
        "zip_code": "87536",
        "phone": "(986) 685-2566",
        "gender": "M",
        "claim_date": "07/06/1961",
        "incident_date": "02/24/1962"
      }
    },
    {
      "image_file": "form_0005.png",
      "ground_truth_file": "form_0005.gt.txt",
      "form_data": {
        "employee_name": "Susan Thompson",
        "employer_name": "Financial Partners Ltd.",
        "date_of_birth": "06/16/1995",
        "social_security_number": "572-29-XXXX",
        "policy_number": "POL805564",
        "physician_name": "Dr. Robert Davis",
        "address": "321 Elm Street",
        "city": "Denver",
        "state": "ND",
        "zip_code": "93037",
        "phone": "(473) 169-6125",
        "gender": "F",
        "claim_date": "04/18/1965",
        "incident_date": "06/24/1962"
      }
    },
    {
      "image_file": "form_0006.png",
      "ground_truth_file": "form_0006.gt.txt",
      "form_data": {
        "employee_name": "Anthony N. Taylor",
        "employer_name": "Consulting Associates",
        "date_of_birth": "03/04/1998",
        "social_security_number": "274-90-3736",
        "policy_number": "155565562test",
        "physician_name": "Dr. Emily White",
        "address": "147 Birch Way",
        "city": "Austin",
        "state": "VA",
        "zip_code": "35872",
        "phone": "(186) 472-6396",
        "gender": "F",
        "claim_date": "05/19/1955",
        "incident_date": "05/22/1982"
      }
    },
    {
      "image_file": "form_0007.png",
      "ground_truth_file": "form_0007.gt.txt",
      "form_data": {
        "employee_name": "Richard Thomas",
        "employer_name": "XYZ Industries Inc.",
        "date_of_birth": "05/18/1962",
        "social_security_number": "XXX-XX-7583",
        "policy_number": "6269569681",
        "physician_name": "Dr. Lisa Martinez",
        "address": "852 Cherry Street",
        "city": "Chicago",
        "state": "VA",
        "zip_code": "84398",
        "phone": "(306) 691-5765",
        "gender": "M",
        "claim_date": "03/07/1980",
        "incident_date": "08/17/1976"
      }
    },
    {
      "image_file": "form_0008.png",
      "ground_truth_file": "form_0008.gt.txt",
      "form_data": {
        "employee_name": "David M. Wilson",
        "employer_name": "Healthcare Services Group",
        "date_of_birth": "08/06/1984",
        "social_security_number": "765-43-7719",
        "policy_number": "3486275780",
        "physician_name": "Dr. Jennifer Wilson",
        "address": "789 Pine Road",
        "city": "Washington",
        "state": "DE",
        "zip_code": "75944",
        "phone": "(892) 772-8789",
        "gender": "M",
        "claim_date": "10/23/1961",
        "incident_date": "10/28/1983"
      }
    },
    {
      "image_file": "form_0009.png",
      "ground_truth_file": "form_0009.gt.txt",
      "form_data": {
        "employee_name": "Steven L. Anderson",
        "employer_name": "Educational Systems Corp.",
        "date_of_birth": "06/01/1981",
        "social_security_number": "268-40-8474",
        "policy_number": "826601914test",
        "physician_name": "Dr. Daniel Thomas",
        "address": "741 Ash Place",
        "city": "Portland",
        "state": "ME",
        "zip_code": "42619",
        "phone": "(710) 601-8924",
        "gender": "F",
        "claim_date": "09/07/1974",
        "incident_date": "03/11/1956"
      }
    },
    {
      "image_file": "form_0010.png",
      "ground_truth_file": "form_0010.gt.txt",
      "form_data": {
        "employee_name": "Mary Walker",
        "employer_name": "Global Tech Solutions LLC",
        "date_of_birth": "08/22/1983",
        "social_security_number": "***-**-6170",
        "policy_number": "856113734test",
        "physician_name": "Dr. Sarah Johnson",
        "address": "123 Main Street",
        "city": "Philadelphia",
        "state": "GA",
        "zip_code": "21759",
        "phone": "(209) 712-1702",
        "gender": "F",
        "claim_date": "10/05/1957",
        "incident_date": "02/20/1996"
      }
    },
    {
      "image_file": "form_0011.png",
      "ground_truth_file": "form_0011.gt.txt",
      "form_data": {
        "employee_name": "Donald N. Johnson",
        "employer_name": "Financial Partners Ltd.",
        "date_of_birth": "07/18/1961",
        "social_security_number": "718-71-7116",
        "policy_number": "714554097test",
        "physician_name": "Dr. Christopher Brown",
        "address": "852 Cherry Street",
        "city": "Washington",
        "state": "RI",
        "zip_code": "95850",
        "phone": "(782) 748-4042",
        "gender": "F",
        "claim_date": "02/06/1969",
        "incident_date": "12/27/1950"
      }
    },
    {
      "image_file": "form_0012.png",
      "ground_truth_file": "form_0012.gt.txt",
      "form_data": {
        "employee_name": "Karen M. Sanchez",
        "employer_name": "Professional Services LLC",
        "date_of_birth": "06/26/1952",
        "social_security_number": "***-**-9665",
        "policy_number": "POL999657",
        "physician_name": "Dr. Michael Anderson",
        "address": "741 Ash Place",
        "city": "Washington",
        "state": "NV",
        "zip_code": "75121",
        "phone": "(368) 973-1622",
        "gender": "M",
        "claim_date": "01/09/1984",
        "incident_date": "11/24/1965"
      }
    },
    {
      "image_file": "form_0013.png",
      "ground_truth_file": "form_0013.gt.txt",
      "form_data": {
        "employee_name": "Steven Brown",
        "employer_name": "Retail Chain Inc.",
        "date_of_birth": "11/08/1988",
        "social_security_number": "XXX-XX-2807",
        "policy_number": "POL328154",
        "physician_name": "Dr. Jennifer Wilson",
        "address": "852 Cherry Street",
        "city": "Washington",
        "state": "NM",
        "zip_code": "69607",
        "phone": "(399) 273-9199",
        "gender": "M",
        "claim_date": "10/25/1997",
        "incident_date": "10/05/1990"
      }
    },
    {
      "image_file": "form_0014.png",
      "ground_truth_file": "form_0014.gt.txt",
      "form_data": {
        "employee_name": "Richard K. Anderson",
        "employer_name": "Financial Partners Ltd.",
        "date_of_birth": "05/07/1963",
        "social_security_number": "***-**-2115",
        "policy_number": "8474549819",
        "physician_name": "Dr. Matthew Jackson",
        "address": "963 Poplar Drive",
        "city": "Boston",
        "state": "UT",
        "zip_code": "38791",
        "phone": "(397) 456-5707",
        "gender": "M",
        "claim_date": "12/10/1952",
        "incident_date": "08/02/1999"
      }
    },
    {
      "image_file": "form_0015.png",
      "ground_truth_file": "form_0015.gt.txt",
      "form_data": {
        "employee_name": "Betty Walker",
        "employer_name": "Industrial Solutions Group",
        "date_of_birth": "11/26/1987",
        "social_security_number": "338-76-4637",
        "policy_number": "7142576720",
        "physician_name": "Dr. David Garcia",
        "address": "987 Cedar Lane",
        "city": "Philadelphia",
        "state": "AZ",
        "zip_code": "62597",
        "phone": "(387) 993-9010",
        "gender": "F",
        "claim_date": "12/01/1979",
        "incident_date": "09/03/1950"
      }
    },
    {
      "image_file": "form_0016.png",
      "ground_truth_file": "form_0016.gt.txt",
      "form_data": {
        "employee_name": "Mark F. Walker",
        "employer_name": "Retail Chain Inc.",
        "date_of_birth": "01/27/1993",
        "social_security_number": "688-53-XXXX",
        "policy_number": "198236",
        "physician_name": "Dr. David Garcia",
        "address": "987 Cedar Lane",
        "city": "Columbia",
        "state": "WI",
        "zip_code": "25917",
        "phone": "(762) 780-1111",
        "gender": "M",
        "claim_date": "07/24/1983",
        "incident_date": "08/19/1976"
      }
    },
    {
      "image_file": "form_0017.png",
      "ground_truth_file": "form_0017.gt.txt",
      "form_data": {
        "employee_name": "Jennifer M. Lee",
        "employer_name": "Educational Systems Corp.",
        "date_of_birth": "07/05/1964",
        "social_security_number": "***-**-5511",
        "policy_number": "3818243657",
        "physician_name": "Dr. Lisa Martinez",
        "address": "987 Cedar Lane",
        "city": "Columbia",
        "state": "ME",
        "zip_code": "56445",
        "phone": "(181) 410-3031",
        "gender": "F",
        "claim_date": "09/19/1964",
        "incident_date": "01/29/2000"
      }
    },
    {
      "image_file": "form_0018.png",
      "ground_truth_file": "form_0018.gt.txt",
      "form_data": {
        "employee_name": "Lisa N. Lopez",
        "employer_name": "Consulting Associates",
        "date_of_birth": "09/17/1975",
        "social_security_number": "944-17-7007",
        "policy_number": "850221911test",
        "physician_name": "Dr. Ashley Taylor",
        "address": "963 Poplar Drive",
        "city": "Dallas",
        "state": "KS",
        "zip_code": "21405",
        "phone": "(218) 160-1039",
        "gender": "M",
        "claim_date": "09/12/1952",
        "incident_date": "11/02/1999"
      }
    },
    {
      "image_file": "form_0019.png",
      "ground_truth_file": "form_0019.gt.txt",
      "form_data": {
        "employee_name": "Mark P. Perez",
        "employer_name": "Financial Partners Ltd.",
        "date_of_birth": "05/13/1957",
        "social_security_number": "390-15-XXXX",
        "policy_number": "855328051test",
        "physician_name": "Dr. Lisa Martinez",
        "address": "789 Pine Road",
        "city": "Boston",
        "state": "IN",
        "zip_code": "68114",
        "phone": "(680) 358-8737",
        "gender": "F",
        "claim_date": "05/30/1985",
        "incident_date": "01/07/1951"
      }
    }
  ]
}