{
  "num_samples": 25,
  "generation_date": "2025-09-06T10:10:53.639483",
  "based_on_analysis": "003_1.pdf OCR test results",
  "target_improvements": [
    "Employee name extraction (especially with middle initials)",
    "Gender checkbox detection (M/F)",
    "Social Security Number extraction (masked formats)",
    "Policy number extraction (alphanumeric patterns)",
    "Compact text spacing issues",
    "Faded/low contrast text"
  ],
  "challenging_layouts": [
    "compact_spacing",
    "faded_text",
    "mixed_fonts",
    "checkbox_nearby",
    "table_format"
  ],
  "degradation_types": [
    "scan_quality",
    "fax_quality",
    "photocopy",
    "low_resolution"
  ],
  "samples": [
    {
      "image_file": "targeted_form_0000_faded_text_fax_quality.png",
      "ground_truth_file": "targeted_form_0000_faded_text_fax_quality.gt.txt",
      "form_data": {
        "employee_name": "Dr. Sarah Williams",
        "employer_name": "Medical-Dental Services Group",
        "policy_number": "STD456789demo",
        "date_of_birth": "06/15/1988",
        "social_security_number": "***-**-5678",
        "gender": "F",
        "physician_name": "Sarah Johnson, MD"
      },
      "layout_challenge": "faded_text",
      "degradation_applied": "fax_quality",
      "target_fields": [
        "employee_name",
        "gender",
        "social_security_number",
        "policy_number"
      ]
    },
    {
      "image_file": "targeted_form_0001_checkbox_nearby_photocopy.png",
      "ground_truth_file": "targeted_form_0001_checkbox_nearby_photocopy.gt.txt",
      "form_data": {
        "employee_name": "John A. Smith",
        "employer_name": "Sun Life Assurance Company of Canada",
        "policy_number": "273459test",
        "date_of_birth": "11/23/1975",
        "social_security_number": "555-55-****",
        "gender": "F",
        "physician_name": "Jennifer Wilson, M.D."
      },
      "layout_challenge": "checkbox_nearby",
      "degradation_applied": "photocopy",
      "target_fields": [
        "employee_name",
        "gender",
        "social_security_number",
        "policy_number"
      ]
    },
    {
      "image_file": "targeted_form_0002_checkbox_nearby_scan_quality.png",
      "ground_truth_file": "targeted_form_0002_checkbox_nearby_scan_quality.gt.txt",
      "form_data": {
        "employee_name": "Hrithik Roshan Test",
        "employer_name": "Medical-Dental Services Group",
        "policy_number": "GRP123456789",
        "date_of_birth": "07/08/1992",
        "social_security_number": "XXX-XX-1234",
        "gender": "Female",
        "physician_name": "Jennifer Wilson, M.D."
      },
      "layout_challenge": "checkbox_nearby",
      "degradation_applied": "scan_quality",
      "target_fields": [
        "employee_name",
        "gender",
        "social_security_number",
        "policy_number"
      ]
    },
    {
      "image_file": "targeted_form_0003_faded_text_low_resolution.png",
      "ground_truth_file": "targeted_form_0003_faded_text_low_resolution.gt.txt",
      "form_data": {
        "employee_name": "Li Wei Chen",
        "employer_name": "High-Tech Solutions Inc.",
        "policy_number": "POLICY2023001",
        "date_of_birth": "01/01/1990",
        "social_security_number": "987-65-XXXX",
        "gender": "F",
        "physician_name": "Dr. Michael Anderson"
      },
      "layout_challenge": "faded_text",
      "degradation_applied": "low_resolution",
      "target_fields": [
        "employee_name",
        "gender",
        "social_security_number",
        "policy_number"
      ]
    },
    {
      "image_file": "targeted_form_0004_checkbox_nearby_low_resolution.png",
      "ground_truth_file": "targeted_form_0004_checkbox_nearby_low_resolution.gt.txt",
      "form_data": {
        "employee_name": "Robert E. Johnson III",
        "employer_name": "Sun Life Assurance Company of Canada",
        "policy_number": "273459test",
        "date_of_birth": "07/08/1992",
        "social_security_number": "987-65-XXXX",
        "gender": "Female",
        "physician_name": "Sarah Johnson, MD"
      },
      "layout_challenge": "checkbox_nearby",
      "degradation_applied": "low_resolution",
      "target_fields": [
        "employee_name",
        "gender",
        "social_security_number",
        "policy_number"
      ]
    },
    {
      "image_file": "targeted_form_0005_checkbox_nearby_fax_quality.png",
      "ground_truth_file": "targeted_form_0005_checkbox_nearby_fax_quality.gt.txt",
      "form_data": {
        "employee_name": "Mary-Jane O'Connor",
        "employer_name": "Global Manufacturing Co.",
        "policy_number": "INS789123prod",
        "date_of_birth": "12/31/1985",
        "social_security_number": "987-65-XXXX",
        "gender": "F",
        "physician_name": "Dr. Michael Anderson"
      },
      "layout_challenge": "checkbox_nearby",
      "degradation_applied": "fax_quality",
      "target_fields": [
        "employee_name",
        "gender",
        "social_security_number",
        "policy_number"
      ]
    },
    {
      "image_file": "targeted_form_0006_mixed_fonts_fax_quality.png",
      "ground_truth_file": "targeted_form_0006_mixed_fonts_fax_quality.gt.txt",
      "form_data": {
        "employee_name": "Li Wei Chen",
        "employer_name": "ABC Corporation & Associates",
        "policy_number": "POL987654test",
        "date_of_birth": "06/15/1988",
        "social_security_number": "555-55-****",
        "gender": "Male",
        "physician_name": "Sarah Johnson, MD"
      },
      "layout_challenge": "mixed_fonts",
      "degradation_applied": "fax_quality",
      "target_fields": [
        "employee_name",
        "gender",
        "social_security_number",
        "policy_number"
      ]
    },
    {
      "image_file": "targeted_form_0007_checkbox_nearby_none.png",
      "ground_truth_file": "targeted_form_0007_checkbox_nearby_none.gt.txt",
      "form_data": {
        "employee_name": "Dr. Sarah Williams",
        "employer_name": "ABC Corporation & Associates",
        "policy_number": "INS789123prod",
        "date_of_birth": "01/01/1990",
        "social_security_number": "XXX-XX-1234",
        "gender": "Male",
        "physician_name": "Jennifer Wilson, M.D."
      },
      "layout_challenge": "checkbox_nearby",
      "degradation_applied": "none",
      "target_fields": [
        "employee_name",
        "gender",
        "social_security_number",
        "policy_number"
      ]
    },
    {
      "image_file": "targeted_form_0008_table_format_low_resolution.png",
      "ground_truth_file": "targeted_form_0008_table_format_low_resolution.gt.txt",
      "form_data": {
        "employee_name": "John A. Smith",
        "employer_name": "Johnson & Johnson LLC",
        "policy_number": "STD456789demo",
        "date_of_birth": "01/01/1990",
        "social_security_number": "XXX-XX-1234",
        "gender": "M",
        "physician_name": "Maria Garcia, MD"
      },
      "layout_challenge": "table_format",
      "degradation_applied": "low_resolution",
      "target_fields": [
        "employee_name",
        "gender",
        "social_security_number",
        "policy_number"
      ]
    },
    {
      "image_file": "targeted_form_0009_checkbox_nearby_low_resolution.png",
      "ground_truth_file": "targeted_form_0009_checkbox_nearby_low_resolution.gt.txt",
      "form_data": {
        "employee_name": "Jos\u00e9 Garc\u00eda-Martinez",
        "employer_name": "Smith, Brown & Associates",
        "policy_number": "273459test",
        "date_of_birth": "03/07/1995",
        "social_security_number": "XXX-XX-9876",
        "gender": "F",
        "physician_name": "Jennifer Wilson, M.D."
      },
      "layout_challenge": "checkbox_nearby",
      "degradation_applied": "low_resolution",
      "target_fields": [
        "employee_name",
        "gender",
        "social_security_number",
        "policy_number"
      ]
    },
    {
      "image_file": "targeted_form_0010_faded_text_photocopy.png",
      "ground_truth_file": "targeted_form_0010_faded_text_photocopy.gt.txt",
      "form_data": {
        "employee_name": "Hrithik Roshan Test",
        "employer_name": "Johnson & Johnson LLC",
        "policy_number": "INS789123prod",
        "date_of_birth": "01/01/1990",
        "social_security_number": "987-65-XXXX",
        "gender": "Female",
        "physician_name": "Dr. Michael Anderson"
      },
      "layout_challenge": "faded_text",
      "degradation_applied": "photocopy",
      "target_fields": [
        "employee_name",
        "gender",
        "social_security_number",
        "policy_number"
      ]
    },
    {
      "image_file": "targeted_form_0011_checkbox_nearby_none.png",
      "ground_truth_file": "targeted_form_0011_checkbox_nearby_none.gt.txt",
      "form_data": {
        "employee_name": "Robert E. Johnson III",
        "employer_name": "Sun Life Assurance Company of Canada",
        "policy_number": "POLICY2023001",
        "date_of_birth": "03/07/1995",
        "social_security_number": "987-65-XXXX",
        "gender": "Male",
        "physician_name": "Sarah Johnson, MD"
      },
      "layout_challenge": "checkbox_nearby",
      "degradation_applied": "none",
      "target_fields": [
        "employee_name",
        "gender",
        "social_security_number",
        "policy_number"
      ]
    },
    {
      "image_file": "targeted_form_0012_table_format_low_resolution.png",
      "ground_truth_file": "targeted_form_0012_table_format_low_resolution.gt.txt",
      "form_data": {
        "employee_name": "Robert E. Johnson III",
        "employer_name": "ABC Corporation & Associates",
        "policy_number": "123456789",
        "date_of_birth": "11/23/1975",
        "social_security_number": "555-55-****",
        "gender": "Male",
        "physician_name": "Jennifer Wilson, M.D."
      },
      "layout_challenge": "table_format",
      "degradation_applied": "low_resolution",
      "target_fields": [
        "employee_name",
        "gender",
        "social_security_number",
        "policy_number"
      ]
    },
    {
      "image_file": "targeted_form_0013_checkbox_nearby_none.png",
      "ground_truth_file": "targeted_form_0013_checkbox_nearby_none.gt.txt",
      "form_data": {
        "employee_name": "Jos\u00e9 Garc\u00eda-Martinez",
        "employer_name": "Medical-Dental Services Group",
        "policy_number": "273459test",
        "date_of_birth": "01/01/1990",
        "social_security_number": "123-45-XXXX",
        "gender": "M",
        "physician_name": "Maria Garcia, MD"
      },
      "layout_challenge": "checkbox_nearby",
      "degradation_applied": "none",
      "target_fields": [
        "employee_name",
        "gender",
        "social_security_number",
        "policy_number"
      ]
    },
    {
      "image_file": "targeted_form_0014_mixed_fonts_low_resolution.png",
      "ground_truth_file": "targeted_form_0014_mixed_fonts_low_resolution.gt.txt",
      "form_data": {
        "employee_name": "Li Wei Chen",
        "employer_name": "Global Manufacturing Co.",
        "policy_number": "GRP123456789",
        "date_of_birth": "06/15/1988",
        "social_security_number": "987-65-XXXX",
        "gender": "Male",
        "physician_name": "Dr. Robert E. Davis"
      },
      "layout_challenge": "mixed_fonts",
      "degradation_applied": "low_resolution",
      "target_fields": [
        "employee_name",
        "gender",
        "social_security_number",
        "policy_number"
      ]
    },
    {
      "image_file": "targeted_form_0015_checkbox_nearby_low_resolution.png",
      "ground_truth_file": "targeted_form_0015_checkbox_nearby_low_resolution.gt.txt",
      "form_data": {
        "employee_name": "Ahmed Al-Hassan",
        "employer_name": "Medical-Dental Services Group",
        "policy_number": "POL987654test",
        "date_of_birth": "01/01/1990",
        "social_security_number": "123-45-XXXX",
        "gender": "Male",
        "physician_name": "Jennifer Wilson, M.D."
      },
      "layout_challenge": "checkbox_nearby",
      "degradation_applied": "low_resolution",
      "target_fields": [
        "employee_name",
        "gender",
        "social_security_number",
        "policy_number"
      ]
    },
    {
      "image_file": "targeted_form_0016_faded_text_none.png",
      "ground_truth_file": "targeted_form_0016_faded_text_none.gt.txt",
      "form_data": {
        "employee_name": "Robert E. Johnson III",
        "employer_name": "Johnson & Johnson LLC",
        "policy_number": "123456789",
        "date_of_birth": "03/07/1995",
        "social_security_number": "555-55-****",
        "gender": "M",
        "physician_name": "Sarah Johnson, MD"
      },
      "layout_challenge": "faded_text",
      "degradation_applied": "none",
      "target_fields": [
        "employee_name",
        "gender",
        "social_security_number",
        "policy_number"
      ]
    },
    {
      "image_file": "targeted_form_0017_mixed_fonts_none.png",
      "ground_truth_file": "targeted_form_0017_mixed_fonts_none.gt.txt",
      "form_data": {
        "employee_name": "Robert E. Johnson III",
        "employer_name": "Global Manufacturing Co.",
        "policy_number": "STD456789demo",
        "date_of_birth": "12/31/1985",
        "social_security_number": "123-45-XXXX",
        "gender": "Female",
        "physician_name": "Sarah Johnson, MD"
      },
      "layout_challenge": "mixed_fonts",
      "degradation_applied": "none",
      "target_fields": [
        "employee_name",
        "gender",
        "social_security_number",
        "policy_number"
      ]
    },
    {
      "image_file": "targeted_form_0018_faded_text_low_resolution.png",
      "ground_truth_file": "targeted_form_0018_faded_text_low_resolution.gt.txt",
      "form_data": {
        "employee_name": "Dr. Sarah Williams",
        "employer_name": "Medical-Dental Services Group",
        "policy_number": "POLICY2023001",
        "date_of_birth": "06/15/1988",
        "social_security_number": "123-45-XXXX",
        "gender": "F",
        "physician_name": "Dr. Michael Anderson"
      },
      "layout_challenge": "faded_text",
      "degradation_applied": "low_resolution",
      "target_fields": [
        "employee_name",
        "gender",
        "social_security_number",
        "policy_number"
      ]
    },
    {
      "image_file": "targeted_form_0019_mixed_fonts_low_resolution.png",
      "ground_truth_file": "targeted_form_0019_mixed_fonts_low_resolution.gt.txt",
      "form_data": {
        "employee_name": "Li Wei Chen",
        "employer_name": "Sun Life Assurance Company of Canada",
        "policy_number": "GRP123456789",
        "date_of_birth": "03/07/1995",
        "social_security_number": "***-**-5678",
        "gender": "Male",
        "physician_name": "Dr. Robert E. Davis"
      },
      "layout_challenge": "mixed_fonts",
      "degradation_applied": "low_resolution",
      "target_fields": [
        "employee_name",
        "gender",
        "social_security_number",
        "policy_number"
      ]
    },
    {
      "image_file": "targeted_form_0020_mixed_fonts_photocopy.png",
      "ground_truth_file": "targeted_form_0020_mixed_fonts_photocopy.gt.txt",
      "form_data": {
        "employee_name": "Li Wei Chen",
        "employer_name": "ABC Corporation & Associates",
        "policy_number": "STD456789demo",
        "date_of_birth": "07/08/1992",
        "social_security_number": "987-65-XXXX",
        "gender": "F",
        "physician_name": "Dr. Christopher Lee"
      },
      "layout_challenge": "mixed_fonts",
      "degradation_applied": "photocopy",
      "target_fields": [
        "employee_name",
        "gender",
        "social_security_number",
        "policy_number"
      ]
    },
    {
      "image_file": "targeted_form_0021_mixed_fonts_low_resolution.png",
      "ground_truth_file": "targeted_form_0021_mixed_fonts_low_resolution.gt.txt",
      "form_data": {
        "employee_name": "John A. Smith",
        "employer_name": "High-Tech Solutions Inc.",
        "policy_number": "GRP123456789",
        "date_of_birth": "06/15/1988",
        "social_security_number": "XXX-XX-9876",
        "gender": "F",
        "physician_name": "Sarah Johnson, MD"
      },
      "layout_challenge": "mixed_fonts",
      "degradation_applied": "low_resolution",
      "target_fields": [
        "employee_name",
        "gender",
        "social_security_number",
        "policy_number"
      ]
    },
    {
      "image_file": "targeted_form_0022_table_format_none.png",
      "ground_truth_file": "targeted_form_0022_table_format_none.gt.txt",
      "form_data": {
        "employee_name": "Robert E. Johnson III",
        "employer_name": "High-Tech Solutions Inc.",
        "policy_number": "GRP123456789",
        "date_of_birth": "03/07/1995",
        "social_security_number": "123-45-XXXX",
        "gender": "Female",
        "physician_name": "Maria Garcia, MD"
      },
      "layout_challenge": "table_format",
      "degradation_applied": "none",
      "target_fields": [
        "employee_name",
        "gender",
        "social_security_number",
        "policy_number"
      ]
    },
    {
      "image_file": "targeted_form_0023_checkbox_nearby_none.png",
      "ground_truth_file": "targeted_form_0023_checkbox_nearby_none.gt.txt",
      "form_data": {
        "employee_name": "Jos\u00e9 Garc\u00eda-Martinez",
        "employer_name": "Global Manufacturing Co.",
        "policy_number": "273459test",
        "date_of_birth": "01/01/1990",
        "social_security_number": "555-55-****",
        "gender": "Male",
        "physician_name": "Dr. Michael Anderson"
      },
      "layout_challenge": "checkbox_nearby",
      "degradation_applied": "none",
      "target_fields": [
        "employee_name",
        "gender",
        "social_security_number",
        "policy_number"
      ]
    },
    {
      "image_file": "targeted_form_0024_mixed_fonts_low_resolution.png",
      "ground_truth_file": "targeted_form_0024_mixed_fonts_low_resolution.gt.txt",
      "form_data": {
        "employee_name": "Hrithik Roshan Test",
        "employer_name": "Johnson & Johnson LLC",
        "policy_number": "POLICY2023001",
        "date_of_birth": "03/07/1995",
        "social_security_number": "123-45-XXXX",
        "gender": "Female",
        "physician_name": "Jennifer Wilson, M.D."
      },
      "layout_challenge": "mixed_fonts",
      "degradation_applied": "low_resolution",
      "target_fields": [
        "employee_name",
        "gender",
        "social_security_number",
        "policy_number"
      ]
    }
  ]
}