{
  "timestamp": "2025-09-07T10:36:20.502819",
  "recipient": "examiner1@sunlife.com",
  "subject": "Sun Life Policy Update: sample",
  "html_content": "\n        <!DOCTYPE html>\n        <html>\n        <head>\n            <meta charset=\"UTF-8\">\n            <title>Policy Update Notification</title>\n        </head>\n        <body style=\"font-family: Arial, sans-serif; line-height: 1.6; color: #333; max-width: 600px; margin: 0 auto; padding: 20px;\">\n            <div style=\"background: linear-gradient(135deg, #0066cc 0%, #004c99 100%); color: white; padding: 20px; text-align: center; border-radius: 8px 8px 0 0;\">\n                <h1 style=\"margin: 0; font-size: 24px;\">Sun Life Financial</h1>\n                <p style=\"margin: 5px 0 0 0; opacity: 0.9;\">Policy Management System</p>\n            </div>\n            \n            <div style=\"background: white; border: 1px solid #e9ecef; border-top: none; padding: 30px; border-radius: 0 0 8px 8px;\">\n                <div style=\"text-align: center; margin-bottom: 25px;\">\n                    <div style=\"display: inline-block; background: #ffc107; color: white; padding: 10px 20px; border-radius: 25px; font-weight: bold;\">\n                        Policy Instruction Edited\n                    </div>\n                </div>\n                \n                <h2 style=\"color: #0066cc; margin-bottom: 20px;\">Policy Update Notification</h2>\n                \n                <div style=\"background: #f8f9fa; padding: 20px; border-radius: 8px; margin-bottom: 20px;\">\n                    <table style=\"width: 100%; border-collapse: collapse;\">\n                        <tr>\n                            <td style=\"padding: 8px 0; font-weight: bold; color: #495057; width: 30%;\">Policy Name:</td>\n                            <td style=\"padding: 8px 0; color: #212529;\">sample</td>\n                        </tr>\n                        <tr>\n                            <td style=\"padding: 8px 0; font-weight: bold; color: #495057;\">Instruction:</td>\n                            <td style=\"padding: 8px 0; color: #212529;\">DEMO EMAIL NOTIFICATION TEST</td>\n                        </tr>\n                        <tr>\n                            <td style=\"padding: 8px 0; font-weight: bold; color: #495057;\">Action:</td>\n                            <td style=\"padding: 8px 0; color: #ffc107; font-weight: bold;\">Edited</td>\n                        </tr>\n                        <tr>\n                            <td style=\"padding: 8px 0; font-weight: bold; color: #495057;\">Modified By:</td>\n                            <td style=\"padding: 8px 0; color: #212529;\">Policy Admin</td>\n                        </tr>\n                        <tr>\n                            <td style=\"padding: 8px 0; font-weight: bold; color: #495057;\">Date & Time:</td>\n                            <td style=\"padding: 8px 0; color: #212529;\">September 07, 2025 at 10:36 AM</td>\n                        </tr>\n                    </table>\n                </div>\n                \n                <div style=\"background: #fff3cd; border: 1px solid #ffeaa7; padding: 15px; border-radius: 6px; margin: 15px 0;\"><h4 style=\"margin-top: 0; color: #856404;\">Change Details:</h4><p><strong>Latest Updates:</strong><br>Demo email system activated - notifications will be generated and saved as HTML files for inspection</p><p><strong>Previous Title:</strong> TEST1</p></div>\n                \n                <div style=\"background: #e3f2fd; border-left: 4px solid #0066cc; padding: 15px; margin: 20px 0;\">\n                    <p style=\"margin: 0; color: #1565c0;\">\n                        <strong>Action Required:</strong> Please review the updated policy instructions in your Policy Management System.\n                    </p>\n                </div>\n            </div>\n            \n            <div style=\"text-align: center; margin-top: 20px; color: #6c757d; font-size: 12px;\">\n                <p>This is a DEMO notification from Sun Life Financial Policy Management System.</p>\n                <p>In production, this would be sent to the recipient's email.</p>\n            </div>\n        </body>\n        </html>\n        ",
  "text_content": "Sun Life Financial - Policy Update Notification [DEMO]\n\nPolicy Instruction Edited\n\nPolicy Name: sample\nInstruction: DEMO EMAIL NOTIFICATION TEST\nAction: Edited\nModified By: Policy Admin\nDate & Time: September 07, 2025 at 10:36 AM\n\nChange Details:\\nLatest Updates: Demo email system activated - notifications will be generated and saved as HTML files for inspection\\nPrevious Title: TEST1\\n\n\nAction Required: Please review the updated policy instructions in your Policy Management System.\n\nThis is a DEMO notification. In production, this would be sent via email.",
  "policy_name": "sample",
  "instruction_title": "DEMO EMAIL NOTIFICATION TEST",
  "action": "edited",
  "admin_user": "Policy Admin"
}