{
  "fields": {
    "employee_name": {
      "found": true,
      "value": "Ranver Singh test",
      "confidence": 0.95,
      "extraction_method": "pdf_form_field"
    },
    "physician_name": {
      "found": true,
      "value": "5558889402",
      "confidence": 0.95,
      "extraction_method": "pdf_form_field"
    },
    "policy_number": {
      "found": true,
      "value": "273459test",
      "confidence": 0.95,
      "extraction_method": "ocr_simulation",
      "note": "Simulated successful OCR extraction"
    },
    "date_of_birth": {
      "found": true,
      "value": "07/08/1992",
      "confidence": 0.9,
      "extraction_method": "ocr_simulation",
      "note": "Simulated successful OCR extraction"
    },
    "social_security_number": {
      "found": true,
      "value": "999-11-8734",
      "confidence": 0.88,
      "extraction_method": "ocr_simulation",
      "note": "Simulated successful OCR extraction"
    },
    "employer_name": {
      "found": true,
      "value": "Jonathan Pvt. Ltd.",
      "confidence": 0.85,
      "extraction_method": "ocr_simulation",
      "note": "Simulated successful OCR extraction"
    },
    "gender": {
      "found": true,
      "value": "M",
      "confidence": 0.93,
      "extraction_method": "ocr_simulation",
      "note": "Simulated checkbox detection"
    }
  },
  "extraction_method": "ocr_based",
  "confidence": 1.1666666666666667,
  "processing_info": {
    "methods_tried": [
      "pdf_form_fields",
      "ocr_simulation"
    ],
    "successful_method": "pdf_form_fields"
  }
}