[
  {
    "createdAt": "2025-09-01T16:48:59.231297",
    "currentInstruction": {
      "categories": [
        "Medical Documentation",
        "Employment Verification"
      ],
      "createdAt": "2025-09-01T16:49:24.786012",
      "criticality": "High",
      "date": "2025-09-01T12:00:00",
      "id": 2,
      "instructions": "Review all medical documentation including physician reports, test results, and treatment records. Verify employment history and calculate benefit amounts. Check policy compliance and coverage terms.",
      "summary": "**Disability Insurance Examination Instructions**\n\n\n**1. Main Objective**\nThe main objective of this examination is to review the applicant's disability insurance claim and determine its validity.\n\n\n**2. Key Requirements**\n\n* Review all medical documentation, including:\n\t+ Physician reports\n\t+ Test results\n\t+ Treatment records\n* Verify employment history to ensure accurate benefit calculations\n* Check policy compliance and coverage terms\n\n\n**3. Documentation**\n\n* Required documents and records:\n\t+ Medical documentation (physician reports, test results, treatment records)\n\t+ Employment history verification\n\t+ Policy documents and coverage terms\n\n\n**4. Critical Points**\n\n* Red flags to consider:\n\t+ Inconsistencies in medical documentation\n\t+ Gaps in employment history\n\t+ Policy exclusions or limitations that may affect benefit amounts",
      "title": "Standard Disability Review Process",
      "updatedAt": "2025-09-01T16:49:24.786012"
    },
    "id": 2,
    "instructionHistory": [],
    "policyName": "Disability Claims Review",
    "updatedAt": "2025-09-01T16:49:24.786012"
  },
  {
    "createdAt": "2025-09-01T17:28:19.557343",
    "currentInstruction": {
      "categories": [
        "Policy Coverage",
        "Updated"
      ],
      "createdAt": "2025-09-01T23:13:39.158103",
      "criticality": "High",
      "date": "2025-09-01T14:00:00",
      "id": 12,
      "instructions": "## ELIGIBILITY\n\u2022 Eligibility: all US Ees INCLUDING Puerto Rico\n\u2022 Class 1 - All active, Full-time Employees of the Employer regularly working a minimum of 30 hours per week (including Employees classified as Management) and union employees of DUMMY 1, DUMMY 110, DUMMY 2, DUMMY 702, DUMMY 53, IBT 142, IBT 325, IBT 743, and IBT 838.\n\u2022 You will need to pull the eligibility file to determine class, tax choice and premium deductions on every claim: (***PATH***)\n\n## EMPLOYEE CLASSES\n### Eff 1/1/25 Class 1 and 2 will combine into Class 1 Class 1 will have no max benefit\n### (this includes class 1 and class 2 employees listed on file feed/intake)\n### Class 3 - All active, Full-time Hawaii DUMMY 1260 Union Employees of the Employer regularly working a minimum of 30 hours per week.\n\n## BENEFIT DETAILS\n\u2022 Please always call EE to advise that they need to apply for the statutory state benefit if the employee lives in one of the statutory states (IE CA, RI, PR, WA etc... This is also applicable to state with PFL/PFML.\n\u2022 Be sure to offset estimated State Mandated benefits if actual amount is unknown.\n\u2022 7 day Elimination Period and 25 weeks Maximum Duration (26 weeks total) (both classes)\n  $ $25.00 minimum weekly benefit\n\u2022 No maximum weekly benefit\n  $ $25.00 minimum weekly benefit\n  $ $400.00 maximum weekly benefit\n\n## IMPORTANT DATES\n\u2022 CS 9/22/23\n\u2022 Eff date: 1/1/21\n\u2022 XXXXX~01/01/2025~SAPLUS~4~1~1\n\u2022 XXXXX~01/01/2025~SAPLUS~4~2~1",
      "summary": "**ELIGIBILITY & COVERAGE**\n\u2022 Eligibility: all US Ees INCLUDING Puerto Rico\n\u2022 You will need to pull the eligibility file to determine class, tax choice and premium deductions on every claim: (***PATH***)\n\n**EMPLOYEE CLASSES & BENEFITS**\n\u2022 **Class 1:**\n  - Eff 1/1/25 Class 1 and 2 will combine into Class 1 Class 1 will have no max benefit\n  - Class 1 - All active, Full-time Employees of the Employer regularly working a minimum of 30 hours per week (including Employees classified as Management) and union employees of DUMMY 1, DUMMY 110, DUMMY 2, DUMMY 702, DUMMY 53, IBT 142, IBT 325, IBT 743, and IBT 838.\n  - (this includes class 1 and class 2 employees listed on file feed/intake)\n\u2022 **Class 3:**\n  - Class 3 - All active, Full-time Hawaii DUMMY 1260 Union Employees of the Employer regularly working a minimum of 30 hours per week.\n  - $25.00 minimum weekly benefit\n  - $400.00 maximum weekly benefit\n\n**BENEFIT STRUCTURE**\n\u2022 7 day Elimination Period and 25 weeks Maximum Duration (26 weeks total) (both classes)\n\n**KEY PROCEDURES**\n\u2022 Please always call EE to advise that they need to apply for the statutory state benefit if the employee lives in one of the statutory states (IE CA, RI, PR, WA etc... This is also applicable to state with PFL/PFML.\n\u2022 Be sure to offset estimated State Mandated benefits if actual amount is unknown.\n\n**IMPORTANT DATES**\n\u2022 CS 9/22/23\n\u2022 Eff date: 1/1/21\n\u2022 XXXXX~01/01/2025~SAPLUS~4~1~1",
      "title": "Updated Policy Instructions V2",
      "updatedAt": "2025-09-03T18:36:02.233340"
    },
    "id": 3,
    "instructionHistory": [
      {
        "categories": [
          "Medical Documentation",
          "Functional Assessment"
        ],
        "createdAt": "2025-09-01T23:03:42.436614",
        "criticality": "Medium",
        "date": "2025-09-01T00:00:00",
        "id": 11,
        "instructions": "## ELIGIBILITY\n\u2022 Eligiblity: all US Ees INCLUDING Puerto Rico\n\u2022 Class 1 - All active, Full-time Employees of the Employer regularly working a minimum of 30 hours per week (including Employees classified as Management) and union employees of DUMMY 1, DUMMY 110, DUMMY 2, DUMMY 702, DUMMY 53, IBT 142, IBT 325, IBT 743, and IBT 838.\n\u2022 You will need to pull the eligibiity file to determine class, tax choice and premium deductions on every claim: (***PATH***)\n\n## EMPLOYEE CLASSES\n### Eff 1/1/25 Class 1 and 2 will combine into Class 1 Class 1 will have no max benefit\n### (this includes class 1 and class 2 employees listed on file feed/intake)\n### Class 3 - All active, Full-time Hawaii DUMMY 1260 Union Employees of the Employer regularly working a minimum of 30 hours per week.\n\n## BENEFIT DETAILS\n\u2022 Please always call EE to advise that they need to apply for the statutory state benefit if the employee lives in one of the statutory states (IE CA, RI, PR, WA ect\u2026 This is also applicable to state with PFL/PFML.\n\u2022 Be sure to offset estimated State Mandated benefits if actual amount is unknown.\n\u2022 7 day Elimination Period and 25 weeks Maximum Duration (26 weeks total) (both classes)\n  $ $25.00 minimum weekly benefit\n\u2022 No maximum weekly benefit\n  $ $25.00 minimum weekly benefit\n  $ $400.00 maximum weekly benefit\n\u2022 LTD Elected benefit- Column AE Division 1 or BB for Division 1\n\n## IMPORTANT DATES\n\u2022 CS 9/22/23\n\u2022 Eff date: 1/1/21\n\u2022 XXXXX~01/01/2025~SAPLUS~4~1~1\n\u2022 XXXXX~01/01/2025~SAPLUS~4~2~1\n\u2022 Employee pay class (weekly/semi monthy) Column AC",
        "summary": "**ELIGIBILITY & COVERAGE**\n\u2022 Eligiblity: all US Ees INCLUDING Puerto Rico\n\u2022 You will need to pull the eligibiity file to determine class, tax choice and premium deductions on every claim: (***PATH***)\n\n**EMPLOYEE CLASSES & BENEFITS**\n\u2022 **Class 1:**\n  - Eff 1/1/25 Class 1 and 2 will combine into Class 1 Class 1 will have no max benefit\n  - Class 1 - All active, Full-time Employees of the Employer regularly working a minimum of 30 hours per week (including Employees classified as Management) and union employees of DUMMY 1, DUMMY 110, DUMMY 2, DUMMY 702, DUMMY 53, IBT 142, IBT 325, IBT 743, and IBT 838.\n  - (this includes class 1 and class 2 employees listed on file feed/intake)\n\u2022 **Class 3:**\n  - Class 3 - All active, Full-time Hawaii DUMMY 1260 Union Employees of the Employer regularly working a minimum of 30 hours per week.\n  - $25.00 minimum weekly benefit\n  - $400.00 maximum weekly benefit\n\n**BENEFIT STRUCTURE**\n\u2022 7 day Elimination Period and 25 weeks Maximum Duration (26 weeks total) (both classes)\n\n**KEY PROCEDURES**\n\u2022 Please always call EE to advise that they need to apply for the statutory state benefit if the employee lives in one of the statutory states (IE CA, RI, PR, WA ect\u2026 This is also applicable to state with PFL/PFML.\n\u2022 Be sure to offset estimated State Mandated benefits if actual amount is unknown.\n\n**IMPORTANT DATES**\n\u2022 CS 9/22/23\n\u2022 Eff date: 1/1/21\n\u2022 XXXXX~01/01/2025~SAPLUS~4~1~1",
        "title": "TEST1",
        "updatedAt": "2025-09-01T23:13:39.168346"
      },
      {
        "categories": [
          "Policy Coverage"
        ],
        "createdAt": "2025-09-01T19:20:11.713028",
        "criticality": "Medium",
        "date": "2025-09-01T00:00:00",
        "id": 7,
        "instructions": "## ELIGIBILITY\n\u2022 Eligiblity: all US Ees INCLUDING Puerto Rico\n\u2022 Class 1 - All active, Full-time Employees of the Employer regularly working a minimum of 30 hours per week (including Employees classified as Management) and union employees of DUMMY 1, DUMMY 110, DUMMY 2, DUMMY 702, DUMMY 53, IBT 142, IBT 325, IBT 743, and IBT 838.\n\u2022 You will need to pull the eligibiity file to determine class, tax choice and premium deductions on every claim: (***PATH***)\n\n## EMPLOYEE CLASSES\n### Eff 1/1/25 Class 1 and 2 will combine into Class 1 Class 1 will have no max benefit\n### (this includes class 1 and class 2 employees listed on file feed/intake)\n### Class 3 - All active, Full-time Hawaii DUMMY 1260 Union Employees of the Employer regularly working a minimum of 30 hours per week.\n\n## BENEFIT DETAILS\n\u2022 Please always call EE to advise that they need to apply for the statutory state benefit if the employee lives in one of the statutory states (IE CA, RI, PR, WA ect\u2026 This is also applicable to state with PFL/PFML.\n\u2022 Be sure to offset estimated State Mandated benefits if actual amount is unknown.\n\u2022 7 day Elimination Period and 25 weeks Maximum Duration (26 weeks total) (both classes)\n  $ $25.00 minimum weekly benefit\n\u2022 No maximum weekly benefit\n  $ $25.00 minimum weekly benefit\n  $ $400.00 maximum weekly benefit\n\u2022 LTD Elected benefit- Column AE Division 1 or BB for Division 1\n\n## IMPORTANT DATES\n\u2022 CS 9/22/23\n\u2022 Eff date: 1/1/21\n\u2022 XXXXX~01/01/2025~SAPLUS~4~1~1\n\u2022 XXXXX~01/01/2025~SAPLUS~4~2~1\n\u2022 Employee pay class (weekly/semi monthy) Column AC",
        "summary": "**ELIGIBILITY CRITERIA**\n\u2022 Eligiblity: all US Ees INCLUDING Puerto Rico\n\u2022 Please always call EE to advise that they need to apply for the statutory state benefit if the employee lives in one of the statutory states (IE CA, RI, PR, WA ect\u2026 This is also applicable to state with PFL/PFML.\n\u2022 Class 1 - All active, Full-time Employees of the Employer regularly working a minimum of 30 hours per week (including Employees classified as Management) and union employees of DUMMY 1, DUMMY 110, DUMMY 2, DUMMY 702, DUMMY 53, IBT 142, IBT 325, IBT 743, and IBT 838.\n\u2022 (this includes class 1 and class 2 employees listed on file feed/intake)\n\n**BENEFIT DETAILS**\n\u2022 Please always call EE to advise that they need to apply for the statutory state benefit if the employee lives in one of the statutory states (IE CA, RI, PR, WA ect\u2026 This is also applicable to state with PFL/PFML.\n\u2022 Be sure to offset estimated State Mandated benefits if actual amount is unknown.\n\u2022 7 day Elimination Period and 25 weeks Maximum Duration (26 weeks total) (both classes)\n\u2022 Eff 1/1/25 Class 1 and 2 will combine into Class 1 Class 1 will have no max benefit\n\n**KEY REQUIREMENTS**\n\u2022 Please always call EE to advise that they need to apply for the statutory state benefit if the employee lives in one of the statutory states (IE CA, RI, PR, WA ect\u2026 This is also applicable to state with PFL/PFML.\n\u2022 Be sure to offset estimated State Mandated benefits if actual amount is unknown.\n\u2022 You will need to pull the eligibiity file to determine class, tax choice and premium deductions on every claim: (***PATH***)\n\n**IMPORTANT DATES**\n\u2022 CS 9/22/23\n\u2022 Please always call EE to advise that they need to apply for the statutory state benefit if the employee lives in one of the statutory states (IE CA, RI, PR, WA ect\u2026 This is also applicable to state with PFL/PFML.\n\u2022 Be sure to offset estimated State Mandated benefits if actual amount is unknown.\n\n**POLICY DETAILS**\n\u2022 Please always call EE to advise that they need to apply for the statutory state benefit if the employee lives in one of the statutory states (IE CA, RI, PR, WA ect\u2026 This is also applicable to state with PFL/PFML.\n\u2022 W2 and fica services elected\n\u2022 Be sure to offset estimated State Mandated benefits if actual amount is unknown.",
        "title": "TEST1",
        "updatedAt": "2025-09-01T23:03:42.450748"
      },
      {
        "categories": [
          "Policy Coverage"
        ],
        "createdAt": "2025-09-01T19:04:07.641799",
        "criticality": "Medium",
        "date": "2025-09-01T00:00:00",
        "id": 6,
        "instructions": "## ELIGIBILITY\n\u2022 Eligiblity: all US Ees INCLUDING Puerto Rico\n\u2022 Class 1 - All active, Full-time Employees of the Employer regularly working a minimum of 30 hours per week (including Employees classified as Management) and union employees of DUMMY 1, DUMMY 110, DUMMY 2, DUMMY 702, DUMMY 53, IBT 142, IBT 325, IBT 743, and IBT 838.\n\u2022 You will need to pull the eligibiity file to determine class, tax choice and premium deductions on every claim: (***PATH***)\n\n## EMPLOYEE CLASSES\n### Eff 1/1/25 Class 1 and 2 will combine into Class 1 Class 1 will have no max benefit\n### (this includes class 1 and class 2 employees listed on file feed/intake)\n### Class 3 - All active, Full-time Hawaii DUMMY 1260 Union Employees of the Employer regularly working a minimum of 30 hours per week.\n\n## BENEFIT DETAILS\n\u2022 Please always call EE to advise that they need to apply for the statutory state benefit if the employee lives in one of the statutory states (IE CA, RI, PR, WA ect\u2026 This is also applicable to state with PFL/PFML.\n\u2022 Be sure to offset estimated State Mandated benefits if actual amount is unknown.\n\u2022 7 day Elimination Period and 25 weeks Maximum Duration (26 weeks total) (both classes)\n  $ $25.00 minimum weekly benefit\n\u2022 No maximum weekly benefit\n  $ $25.00 minimum weekly benefit\n  $ $400.00 maximum weekly benefit\n\u2022 LTD Elected benefit- Column AE Division 1 or BB for Division 1\n\n## IMPORTANT DATES\n\u2022 CS 9/22/23\n\u2022 Eff date: 1/1/21\n\u2022 XXXXX~01/01/2025~SAPLUS~4~1~1\n\u2022 XXXXX~01/01/2025~SAPLUS~4~2~1\n\u2022 Employee pay class (weekly/semi monthy) Column AC",
        "summary": "**ELIGIBILITY CRITERIA**\n\u2022 Eligiblity: all US Ees INCLUDING Puerto Rico\n\u2022 Please always call EE to advise that they need to apply for the statutory state benefit if the employee lives in one of the statutory states (IE CA, RI, PR, WA ect\u2026 This is also applicable to state with PFL/PFML.\n\u2022 Class 1 - All active, Full-time Employees of the Employer regularly working a minimum of 30 hours per week (including Employees classified as Management) and union employees of DUMMY 1, DUMMY 110, DUMMY 2, DUMMY 702, DUMMY 53, IBT 142, IBT 325, IBT 743, and IBT 838.\n\u2022 (this includes class 1 and class 2 employees listed on file feed/intake)\n\n**BENEFIT DETAILS**\n\u2022 Please always call EE to advise that they need to apply for the statutory state benefit if the employee lives in one of the statutory states (IE CA, RI, PR, WA ect\u2026 This is also applicable to state with PFL/PFML.\n\u2022 Be sure to offset estimated State Mandated benefits if actual amount is unknown.\n\u2022 7 day Elimination Period and 25 weeks Maximum Duration (26 weeks total) (both classes)\n\u2022 Eff 1/1/25 Class 1 and 2 will combine into Class 1 Class 1 will have no max benefit\n\n**KEY REQUIREMENTS**\n\u2022 Please always call EE to advise that they need to apply for the statutory state benefit if the employee lives in one of the statutory states (IE CA, RI, PR, WA ect\u2026 This is also applicable to state with PFL/PFML.\n\u2022 Be sure to offset estimated State Mandated benefits if actual amount is unknown.\n\u2022 You will need to pull the eligibiity file to determine class, tax choice and premium deductions on every claim: (***PATH***)\n\n**IMPORTANT DATES**\n\u2022 CS 9/22/23\n\u2022 Please always call EE to advise that they need to apply for the statutory state benefit if the employee lives in one of the statutory states (IE CA, RI, PR, WA ect\u2026 This is also applicable to state with PFL/PFML.\n\u2022 Be sure to offset estimated State Mandated benefits if actual amount is unknown.\n\n**POLICY DETAILS**\n\u2022 Please always call EE to advise that they need to apply for the statutory state benefit if the employee lives in one of the statutory states (IE CA, RI, PR, WA ect\u2026 This is also applicable to state with PFL/PFML.\n\u2022 W2 and fica services elected\n\u2022 Be sure to offset estimated State Mandated benefits if actual amount is unknown.",
        "title": "TEST1",
        "updatedAt": "2025-09-01T19:20:11.725173"
      },
      {
        "categories": [
          "Policy Coverage"
        ],
        "createdAt": "2025-09-01T18:09:42.634251",
        "criticality": "Medium",
        "date": "2025-09-01T00:00:00",
        "id": 5,
        "instructions": "## ELIGIBILITY\n\u2022 Eligiblity: all US Ees INCLUDING Puerto Rico\n\u2022 Class 1 - All active, Full-time Employees of the Employer regularly working a minimum of 30 hours per week (including Employees classified as Management) and union employees of DUMMY 1, DUMMY 110, DUMMY 2, DUMMY 702, DUMMY 53, IBT 142, IBT 325, IBT 743, and IBT 838.\n\u2022 You will need to pull the eligibiity file to determine class, tax choice and premium deductions on every claim: (***PATH***)\n\n## EMPLOYEE CLASSES\n### Eff 1/1/25 Class 1 and 2 will combine into Class 1 Class 1 will have no max benefit\n### (this includes class 1 and class 2 employees listed on file feed/intake)\n### Class 3 - All active, Full-time Hawaii DUMMY 1260 Union Employees of the Employer regularly working a minimum of 30 hours per week.\n\n## BENEFIT DETAILS\n\u2022 Please always call EE to advise that they need to apply for the statutory state benefit if the employee lives in one of the statutory states (IE CA, RI, PR, WA ect\u2026 This is also applicable to state with PFL/PFML.\n\u2022 Be sure to offset estimated State Mandated benefits if actual amount is unknown.\n\u2022 7 day Elimination Period and 25 weeks Maximum Duration (26 weeks total) (both classes)\n  $ $25.00 minimum weekly benefit\n\u2022 No maximum weekly benefit\n  $ $25.00 minimum weekly benefit\n  $ $400.00 maximum weekly benefit\n\u2022 LTD Elected benefit- Column AE Division 1 or BB for Division 1\n\n## IMPORTANT DATES\n\u2022 CS 9/22/23\n\u2022 Eff date: 1/1/21\n\u2022 XXXXX~01/01/2025~SAPLUS~4~1~1\n\u2022 XXXXX~01/01/2025~SAPLUS~4~2~1\n\u2022 Employee pay class (weekly/semi monthy) Column AC",
        "summary": "**ELIGIBILITY CRITERIA**\n\u2022 Eligiblity: all US Ees INCLUDING Puerto Rico\n\u2022 Please always call EE to advise that they need to apply for the statutory state benefit if the employee lives in one of the statutory states (IE CA, RI, PR, WA ect\u2026 This is also applicable to state with PFL/PFML.\n\u2022 Class 1 - All active, Full-time Employees of the Employer regularly working a minimum of 30 hours per week (including Employees classified as Management) and union employees of DUMMY 1, DUMMY 110, DUMMY 2, DUMMY 702, DUMMY 53, IBT 142, IBT 325, IBT 743, and IBT 838.\n\u2022 (this includes class 1 and class 2 employees listed on file feed/intake)\n\n**BENEFIT DETAILS**\n\u2022 Please always call EE to advise that they need to apply for the statutory state benefit if the employee lives in one of the statutory states (IE CA, RI, PR, WA ect\u2026 This is also applicable to state with PFL/PFML.\n\u2022 Be sure to offset estimated State Mandated benefits if actual amount is unknown.\n\u2022 7 day Elimination Period and 25 weeks Maximum Duration (26 weeks total) (both classes)\n\u2022 Eff 1/1/25 Class 1 and 2 will combine into Class 1 Class 1 will have no max benefit\n\n**KEY REQUIREMENTS**\n\u2022 Please always call EE to advise that they need to apply for the statutory state benefit if the employee lives in one of the statutory states (IE CA, RI, PR, WA ect\u2026 This is also applicable to state with PFL/PFML.\n\u2022 Be sure to offset estimated State Mandated benefits if actual amount is unknown.\n\u2022 You will need to pull the eligibiity file to determine class, tax choice and premium deductions on every claim: (***PATH***)\n\n**IMPORTANT DATES**\n\u2022 CS 9/22/23\n\u2022 Please always call EE to advise that they need to apply for the statutory state benefit if the employee lives in one of the statutory states (IE CA, RI, PR, WA ect\u2026 This is also applicable to state with PFL/PFML.\n\u2022 Be sure to offset estimated State Mandated benefits if actual amount is unknown.\n\n**POLICY DETAILS**\n\u2022 Please always call EE to advise that they need to apply for the statutory state benefit if the employee lives in one of the statutory states (IE CA, RI, PR, WA ect\u2026 This is also applicable to state with PFL/PFML.\n\u2022 W2 and fica services elected\n\u2022 Be sure to offset estimated State Mandated benefits if actual amount is unknown.",
        "title": "TEST1",
        "updatedAt": "2025-09-01T19:04:07.661245"
      },
      {
        "categories": [
          "Policy Coverage"
        ],
        "createdAt": "2025-09-01T17:29:27.796047",
        "criticality": "Medium",
        "date": "2025-09-01T00:00:00",
        "id": 3,
        "instructions": "Eligiblity: all US Ees INCLUDING Puerto Rico\nCS 9/22/23\nPlease always call EE to advise that they need to apply for the statutory state benefit if the employee lives in one of the statutory states (IE CA, RI, PR, WA ect\u2026 This is also applicable to state with PFL/PFML.\nW2 and fica services elected\nBe sure to offset estimated State Mandated benefits if actual amount is unknown.\nEff date: 1/1/21\nWP - None\n7 day Elimination Period and 25 weeks Maximum Duration (26 weeks total) (both classes)\nEff 1/1/25 Class 1 and 2 will combine into Class 1 Class 1 will have no max benefit\nXXXXX~01/01/2025~SAPLUS~4~1~1\nClass 1 - All active, Full-time Employees of the Employer regularly working a minimum of 30 hours per week (including Employees classified as Management) and union employees of DUMMY 1, DUMMY 110, DUMMY 2, DUMMY 702, DUMMY 53, IBT 142, IBT 325, IBT 743, and IBT 838.\n(this includes class 1 and class 2 employees listed on file feed/intake)\n$25.00 minimum weekly benefit \nNo maximum weekly benefit\nXXXXX~01/01/2025~SAPLUS~4~2~1\nClass 3 - All active, Full-time Hawaii DUMMY 1260 Union Employees of the Employer regularly working a minimum of 30 hours per week.\n$25.00 minimum weekly benefit\n$400.00 maximum weekly benefit\nYou will need to pull the eligibiity file to determine class, tax choice and premium deductions on every claim: (***PATH***)\nEmployee pay class (weekly/semi monthy) Column AC\nLTD Elected benefit- Column AE Division 1 or BB for Division 1",
        "summary": "**Summary:** Eligiblity: all US Ees INCLUDING Puerto Rico CS 9/22/23 Please always call EE to advise that they need to apply for the statutory state benefit if the employee lives in one of the statutory states (IE CA, RI, PR, WA ect\u2026 This is also applicable to state with PFL/PFML. W2...",
        "title": "TEST1",
        "updatedAt": "2025-09-01T18:09:42.645167"
      }
    ],
    "policyName": "sample",
    "updatedAt": "2025-09-03T18:35:40.004779"
  },
  {
    "createdAt": "2025-09-03T16:39:05.602858",
    "currentInstruction": {
      "categories": [
        "Test"
      ],
      "createdAt": "2025-09-03T16:39:05.609863",
      "criticality": "Medium",
      "date": "2025-09-03T12:00:00",
      "id": 13,
      "instructions": "This is a test policy with TEST1 title",
      "summary": "Text too short to summarize effectively.",
      "title": "TEST1",
      "updatedAt": "2025-09-03T16:39:05.609863"
    },
    "id": 4,
    "instructionHistory": [],
    "policyName": "TEST1",
    "updatedAt": "2025-09-03T16:39:05.609863"
  },
  {
    "createdAt": "2025-09-04T23:26:09.071278",
    "currentInstruction": {
      "categories": [
        "Benefit Calculation",
        "Policy Coverage",
        "Claim Investigation",
        "Medical Documentation",
        "Employment Verification"
      ],
      "createdAt": "2025-09-04T23:27:17.324791",
      "criticality": "Medium",
      "date": "2025-09-04T00:00:00",
      "id": 14,
      "instructions": "Sun Life Assurance Company of Canada Short Term Disability Claim Packet - Claimant Instructions It is the responsibility of the claimant to ensure that the Employer\u2019s Statement and the Attending Physician\u2019s Statement are submitted directly to Sun Life Financial. Please be sure to submit the Claimant\u2019s Statement directly to Sun Life Financial. The Claimant must: Send in ALL signed statements , which we require to properly review the claim. Failure to provide complete and accurate information could result in the need for additional claims investigation , which could delay the initial benefit payment. \u25cf Employer Statement \u25cf Attending Physician Statement \u25cf Claimant Statement \u25cf Authorization Statements An STD claim should be submitted for a disability absence that may extend beyond the required elimination period. Have the p hysician must completely fill out and sign the Physician Statement. Have all the physicians keep a copy of your signed authorization for their files. To file a Disability Claim or check on a status online go to www.sunlife.com/us . - Click on \u201cSubmit a Disability Claim\u201d - OR Fax to: 781- 3O4-5599 GSTDFM -5299 STD Claim Packet \u2013 Claimant Page 1 of 9 Claimant: DOB: Policy no.: Sun Life Assurance Company of Canada Short Term Disability Claim Packet - Claimant Claimant\u2019s Statement Group STD policy number 1 General Information Sun Life Assurance Company of Canada Group STD Claims P.O. Box 81915 Wellesley Hills, MA O2481 Tel.: 8OO- 247-6875 Fax: 781 -3O4-5599 www.sunlife.com/us Name of employee (first, middle initial, last) M F Social Security number Date of birth (m/d/y) Employee street address City State Zip code Home phone: Cell phone: Work phone: Preferred form of contact: Home phone Cell phone Work phone Mail Name of employer (parent company name) 2 Information About the Condition Causing Your Disability Last day worked before disability Date first treated by Physician Date expected to return to work FT PT Did you require Emergency Room care for your condition? Yes No If yes, Hospital name: Date: Phone: Were you confined to a hospital for this condition? Yes No If yes, include the hospital name Hospital phone Date(s) of confinement: From: To: Select the appropriate type of condition , and provide details: Pregnancy Expected due date: Actual due date: Delivery type: Normal C-Section Complications: Work -related injury/sickness Date of first symptom/injury: Where occurred: Cause of injury/sickness: Do you intend to file for Workers Compensation? Yes No If yes, what is the status: Denied Approved Pending Appealed Sickness First date of symptom: Type of sickness: Have you experienced a symptom in the past? Yes No Date: GSTDFM -5299 STD Claim Packet \u2013 Claimant Page 2 of 9 Claimant: DOB: Policy no.: 2 Information About the Condition Causing Your Disability continued Motor vehicle accident - complete only if applicable Date occurred: Time: AM PM Was a citation issued to you? Yes No If yes, type of citation: How injury occurred: Where injury occurred: Name of your car insur ance carrier: Phone number: Are you receiving compensation from a car insurance carrier? Yes No If yes, Date : From: To: Other injury Date occurred: Where occurred: How occurred: Describe type of injury: 3 Information About Other Income Are you currently receiving, or entitled to receive, benefits from any of the following sources? Sick pay/Salary continuance State Disability Worker \u2019s Compensation Other: 4 Physician Information Indicate physicians you are seeing or have seen for this condition. Name of physician: Specialty: Phone: Fax: Name of physician: Specialty: Phone: Fax: 5 Signature I certify that the above statements are true and complete. I have read or had read to me the fraud warning for my state . Employee\u2019s signature X Date signed GSTDFM -5299 STD Claim Packet \u2013 Claimant Page 3 of 9 Claimant: DOB: Policy no.: Sun Life Assurance Company of Canada Short Term Disability Claim Packet - Claimant Fraud Warnings State law requires that we notify you of the following: General f raud warning : Any person who knowingly and with intent to defraud any insurance company or other person files an application for insurance or statement of claim containing any materially false information or conceals for the purpose of misleading, information concerning any fact material thereto commits a fraudulent insurance act, which is a cri me and subjects such person to criminal and civil penalties. AK: A person who knowingly and with intent to injure, defraud, or deceive an insurance company files a claim containing false, incomplete, or misleading information may be prosecuted under state law. AL: Any person who knowingly presents a false or fraudulent claim for payment of a loss or benefit or who knowingly presents false information in an application for insurance is guilty of a crime and may be subject to restitution fines or confinement in prison, or any combination thereof. AR, LA, MA, MN, NM, RI, TX, and WV : Any person who knowingly presents a false or fraudulent claim for payment of a loss or benefit or knowingly presents false information in an application for insurance is guilty of a crime and may be subject to fines and confinement in prison. AZ: For your protection Arizona law requires the following statement to appear on this form. Any person who knowingly presents a false or fraudulent claim for payment of a loss is subject to cri minal and civil penalties. CA: For your protection California law requires the following to appear on this form: Any person who knowingly presents a false or fraudulent claim for the payment of a loss is guilty of a crime and may be subject to fines and c onfinement in state prison. CO: It is unlawful to knowingly provide false, incomplete, or misleading facts or information to an insurance company for the purpose of defrauding or attempting to defraud the company. Penalties may include imprisonment, fines, denial of insurance and civil damages. Any insurance company or agent of an insurance company who knowingly provides false, incomplete, or misleading facts or information to a policyholder or claimant for the purpose of defrauding or attempting to defraud the policyholder or claimant with regard to a settlement or award payable from insurance proceeds shall be reported to the Colorado Division of Insurance within the Department of Regulatory Agencies. DC: Any person who knowingly presents a false or fraudulent claim for payment of a loss or benefit or knowingly presents false information in an application for insurance is guilty of a crime and may be subject to fines and confinement in prison. DE, ID, and IN : Any person who knowingly, and with intent to inj ure, defraud or deceive any insurer, files a statement of claim containing any false, incomplete or misleading information is guilty of a felony. FL: Any person who knowingly and with intent to injure, defraud or deceive any insurer files a statement of cl aim or an application containing any false, incomplete or misleading information is guilty of a felony of the third degree. KS: Any person who knowingly and with intent to defraud any insurance company or other person files an Application for insurance or statement of claim containing any materially false information or conceals, for the purpose of misleading, information concerning any fact material thereto may be guilty of insurance fraud as determined by a court of law. GSTDFM -5299 STD Claim Packet \u2013 Claimant Page 4 of 9 Claimant: DOB: Policy no.: Fraud Warnings continued KY: Any person who knowingly and with intent to defraud any insurance company or other person files a statement of claim containing any materially false information or conceals, for the purpose of misleading, information concerning any fact material thereto commits a fraudulent insurance act, which is a crime. MD: Any person who knowingly OR willfully presents a false or fraudulent cl aim for payment of a loss or benefit or who knowingly OR willfully presents false information in an application for insurance is guilty of a crime and may be subject to fines and confinement in prison. ME: It is a crime to knowingly provide false, incompl ete or misleading information to an insurance company for the purpose of defrauding the company. Penalties include imprisonment, fines and denial of insurance benefits. NH: Any person who, with a purpose to injure, defraud, or deceive any insurance company, files a statement of claim containing any false, incomplete, or misleading information is subject to prosecution and punishment for insurance fraud, as provided in RSA 638:2O. NJ: Any person who knowingly files a statement of claim containing any false or misleading information is subject to criminal and civil penalties. OH: Any person who, with intent to defraud or knowing that he is facilitating a fraud against an insurer, submits an application or files a claim containing a false or deceptive st atement is guilty of insurance fraud. OK: WARNING: Any person who knowingly, and with intent to injure, defraud or deceive any insurer, makes any claim for the proceeds of an insurance policy containing any false, incomplete or misleading information is gu ilty of a felony. OR and VA : Any person who, with intent to defraud or knowing that he is facilitating a fraud against an insurer, submits an application or files a claim containing a false or deceptive statement may have violated state law. PR: Any person who knowingly and with the intention of defrauding presents false information in an insurance application, or presents, helps, or causes the presentation of a fraudulent claim for the payment of a loss or any other benefit, or presents more than one claim for the same damage or loss, shall incur a felony and, upon conviction, shall be sanctioned for each violation by a fine of not less than five thousand dollars ($5,OOO) and not more than ten thousand dollars ($1O,OOO), or a fixed term of imprisonment for three (3) years, or both penalties. Should aggravating circumstances be present, the penalty thus established may be increased to a maximum of five (5) years, if extenuating circumstances are present, it may be reduced to a minimum of two (2) years. TN and WA: It is a crime to knowingly provide false, incomplete or misleading information to an insurance company for the purpose of defrauding the company. Penalties include imprisonment, fines and denial of insurance benefits. VT: Any person who knowingly pres ents a false statement in an application for insurance may be guilty of a criminal offense and subject to penalties under state law. GSTDFM -5299 STD Claim Packet \u2013 Claimant Page 5 of 9 Claimant: DOB: Policy no.: Sun Life Assurance Company of Canada Authorization for Release and Disclosure of Health Related Information This Authorization complies with the HIPAA Privacy Rule. It is important for you to read, sign and submit all Authorizations in this packet. Failure to submit all Authorizations could result in a delay during the claims process. Return to: Sun Life Assurance Company of Canada Group STD Claims P.O. Box 81915 Wellesley Hills, MA O2481 Fax: 781- 3O4-5599",
      "summary": "**ELIGIBILITY & COVERAGE**\n\u2022 Sun Life Assurance Company of Canada Short Term Disability Claim Packet - Claimant Instructions It is the responsibility of the claimant to ensure that the Employer\u2019s Statement and the Attending Physician\u2019s Statement are submitted directly to Sun Life Financial. Please be sure to submit the Claimant\u2019s Statement directly to Sun Life Financial. The Claimant must: Send in ALL signed statements , which we require to properly review the claim. Failure to provide complete and accurate information could result in the need for additional claims investigation , which could delay the initial benefit payment. \u25cf Employer Statement \u25cf Attending Physician Statement \u25cf Claimant Statement \u25cf Authorization Statements An STD claim should be submitted for a disability absence that may extend beyond the required elimination period. Have the p hysician must completely fill out and sign the Physician Statement. Have all the physicians keep a copy of your signed authorization for their files. To file a Disability Claim or check on a status online go to www.sunlife.com/us . - Click on \u201cSubmit a Disability Claim\u201d - OR Fax to: 781- 3O4-5599 GSTDFM -5299 STD Claim Packet \u2013 Claimant Page 1 of 9 Claimant: DOB: Policy no.: Sun Life Assurance Company of Canada Short Term Disability Claim Packet - Claimant Claimant\u2019s Statement Group STD policy number 1 General Information Sun Life Assurance Company of Canada Group STD Claims P.O. Box 81915 Wellesley Hills, MA O2481 Tel.: 8OO- 247-6875 Fax: 781 -3O4-5599 www.sunlife.com/us Name of employee (first, middle initial, last) M F Social Security number Date of birth (m/d/y) Employee street address City State Zip code Home phone: Cell phone: Work phone: Preferred form of contact: Home phone Cell phone Work phone Mail Name of employer (parent company name) 2 Information About the Condition Causing Your Disability Last day worked before disability Date first treated by Physician Date expected to return to work FT PT Did you require Emergency Room care for your condition? Yes No If yes, Hospital name: Date: Phone: Were you confined to a hospital for this condition? Yes No If yes, include the hospital name Hospital phone Date(s) of confinement: From: To: Select the appropriate type of condition , and provide details: Pregnancy Expected due date: Actual due date: Delivery type: Normal C-Section Complications: Work -related injury/sickness Date of first symptom/injury: Where occurred: Cause of injury/sickness: Do you intend to file for Workers Compensation? Yes No If yes, what is the status: Denied Approved Pending Appealed Sickness First date of symptom: Type of sickness: Have you experienced a symptom in the past? Yes No Date: GSTDFM -5299 STD Claim Packet \u2013 Claimant Page 2 of 9 Claimant: DOB: Policy no.: 2 Information About the Condition Causing Your Disability continued Motor vehicle accident - complete only if applicable Date occurred: Time: AM PM Was a citation issued to you? Yes No If yes, type of citation: How injury occurred: Where injury occurred: Name of your car insur ance carrier: Phone number: Are you receiving compensation from a car insurance carrier? Yes No If yes, Date : From: To: Other injury Date occurred: Where occurred: How occurred: Describe type of injury: 3 Information About Other Income Are you currently receiving, or entitled to receive, benefits from any of the following sources? Sick pay/Salary continuance State Disability Worker \u2019s Compensation Other: 4 Physician Information Indicate physicians you are seeing or have seen for this condition. Name of physician: Specialty: Phone: Fax: Name of physician: Specialty: Phone: Fax: 5 Signature I certify that the above statements are true and complete. I have read or had read to me the fraud warning for my state . Employee\u2019s signature X Date signed GSTDFM -5299 STD Claim Packet \u2013 Claimant Page 3 of 9 Claimant: DOB: Policy no.: Sun Life Assurance Company of Canada Short Term Disability Claim Packet - Claimant Fraud Warnings State law requires that we notify you of the following: General f raud warning : Any person who knowingly and with intent to defraud any insurance company or other person files an application for insurance or statement of claim containing any materially false information or conceals for the purpose of misleading, information concerning any fact material thereto commits a fraudulent insurance act, which is a cri me and subjects such person to criminal and civil penalties. AK: A person who knowingly and with intent to injure, defraud, or deceive an insurance company files a claim containing false, incomplete, or misleading information may be prosecuted under state law. AL: Any person who knowingly presents a false or fraudulent claim for payment of a loss or benefit or who knowingly presents false information in an application for insurance is guilty of a crime and may be subject to restitution fines or confinement in prison, or any combination thereof. AR, LA, MA, MN, NM, RI, TX, and WV : Any person who knowingly presents a false or fraudulent claim for payment of a loss or benefit or knowingly presents false information in an application for insurance is guilty of a crime and may be subject to fines and confinement in prison. AZ: For your protection Arizona law requires the following statement to appear on this form. Any person who knowingly presents a false or fraudulent claim for payment of a loss is subject to cri minal and civil penalties. CA: For your protection California law requires the following to appear on this form: Any person who knowingly presents a false or fraudulent claim for the payment of a loss is guilty of a crime and may be subject to fines and c onfinement in state prison. CO: It is unlawful to knowingly provide false, incomplete, or misleading facts or information to an insurance company for the purpose of defrauding or attempting to defraud the company. Penalties may include imprisonment, fines, denial of insurance and civil damages. Any insurance company or agent of an insurance company who knowingly provides false, incomplete, or misleading facts or information to a policyholder or claimant for the purpose of defrauding or attempting to defraud the policyholder or claimant with regard to a settlement or award payable from insurance proceeds shall be reported to the Colorado Division of Insurance within the Department of Regulatory Agencies. DC: Any person who knowingly presents a false or fraudulent claim for payment of a loss or benefit or knowingly presents false information in an application for insurance is guilty of a crime and may be subject to fines and confinement in prison. DE, ID, and IN : Any person who knowingly, and with intent to inj ure, defraud or deceive any insurer, files a statement of claim containing any false, incomplete or misleading information is guilty of a felony. FL: Any person who knowingly and with intent to injure, defraud or deceive any insurer files a statement of cl aim or an application containing any false, incomplete or misleading information is guilty of a felony of the third degree. KS: Any person who knowingly and with intent to defraud any insurance company or other person files an Application for insurance or statement of claim containing any materially false information or conceals, for the purpose of misleading, information concerning any fact material thereto may be guilty of insurance fraud as determined by a court of law. GSTDFM -5299 STD Claim Packet \u2013 Claimant Page 4 of 9 Claimant: DOB: Policy no.: Fraud Warnings continued KY: Any person who knowingly and with intent to defraud any insurance company or other person files a statement of claim containing any materially false information or conceals, for the purpose of misleading, information concerning any fact material thereto commits a fraudulent insurance act, which is a crime. MD: Any person who knowingly OR willfully presents a false or fraudulent cl aim for payment of a loss or benefit or who knowingly OR willfully presents false information in an application for insurance is guilty of a crime and may be subject to fines and confinement in prison. ME: It is a crime to knowingly provide false, incompl ete or misleading information to an insurance company for the purpose of defrauding the company. Penalties include imprisonment, fines and denial of insurance benefits. NH: Any person who, with a purpose to injure, defraud, or deceive any insurance company, files a statement of claim containing any false, incomplete, or misleading information is subject to prosecution and punishment for insurance fraud, as provided in RSA 638:2O. NJ: Any person who knowingly files a statement of claim containing any false or misleading information is subject to criminal and civil penalties. OH: Any person who, with intent to defraud or knowing that he is facilitating a fraud against an insurer, submits an application or files a claim containing a false or deceptive st atement is guilty of insurance fraud. OK: WARNING: Any person who knowingly, and with intent to injure, defraud or deceive any insurer, makes any claim for the proceeds of an insurance policy containing any false, incomplete or misleading information is gu ilty of a felony. OR and VA : Any person who, with intent to defraud or knowing that he is facilitating a fraud against an insurer, submits an application or files a claim containing a false or deceptive statement may have violated state law. PR: Any person who knowingly and with the intention of defrauding presents false information in an insurance application, or presents, helps, or causes the presentation of a fraudulent claim for the payment of a loss or any other benefit, or presents more than one claim for the same damage or loss, shall incur a felony and, upon conviction, shall be sanctioned for each violation by a fine of not less than five thousand dollars ($5,OOO) and not more than ten thousand dollars ($1O,OOO), or a fixed term of imprisonment for three (3) years, or both penalties. Should aggravating circumstances be present, the penalty thus established may be increased to a maximum of five (5) years, if extenuating circumstances are present, it may be reduced to a minimum of two (2) years. TN and WA: It is a crime to knowingly provide false, incomplete or misleading information to an insurance company for the purpose of defrauding the company. Penalties include imprisonment, fines and denial of insurance benefits. VT: Any person who knowingly pres ents a false statement in an application for insurance may be guilty of a criminal offense and subject to penalties under state law. GSTDFM -5299 STD Claim Packet \u2013 Claimant Page 5 of 9 Claimant: DOB: Policy no.: Sun Life Assurance Company of Canada Authorization for Release and Disclosure of Health Related Information This Authorization complies with the HIPAA Privacy Rule. It is important for you to read, sign and submit all Authorizations in this packet. Failure to submit all Authorizations could result in a delay during the claims process. Return to: Sun Life Assurance Company of Canada Group STD Claims P.O. Box 81915 Wellesley Hills, MA O2481 Fax: 781- 3O4-5599",
      "title": "Short Term Disability Claim",
      "updatedAt": "2025-09-04T23:27:17.324791"
    },
    "id": 5,
    "instructionHistory": [],
    "policyName": "273459test",
    "updatedAt": "2025-09-04T23:27:17.324791"
  }
]
